{
  "NOTICE": "THIS FILE IS AUTOGENERATED BY npm run build-docs",
  "Actionsheet": "src/components/actionsheet/index.vue",
  "Agree": "src/components/agree/index.vue",
  "AjaxPlugin": "src/plugins/ajax/index.js",
  "Alert": "src/components/alert/index.vue",
  "AlertModule": "src/plugins/alert/module",
  "AlertPlugin": "src/plugins/alert/index.js",
  "AppPlugin": "src/plugins/app/index.js",
  "Array2stringFilter": "src/filters/array2String.js",
  "Badge": "src/components/badge/index.vue",
  "base64": "src/tools/base64/index.js",
  "Blur": "src/components/blur/index.vue",
  "Box": "src/components/box/index.vue",
  "BusPlugin": "src/plugins/bus/index.js",
  "ButtonTab": "src/components/button-tab/button-tab.vue",
  "ButtonTabItem": "src/components/button-tab/button-tab-item.vue",
  "Calendar": "src/components/calendar/index.vue",
  "Card": "src/components/card/index.vue",
  "Cell": "src/components/cell/index.vue",
  "CellBox": "src/components/cell-box/index.vue",
  "CellFormPreview": "src/components/cell-form-preview/index.vue",
  "Checker": "src/components/checker/checker.vue",
  "CheckerItem": "src/components/checker/checker-item.vue",
  "CheckIcon": "src/components/check-icon/index.vue",
  "Checklist": "src/components/checklist/index.vue",
  "ChinaAddressData": "src/datas/china_address.json",
  "ChinaAddressV1Data": "src/datas/china_address_v1.json",
  "ChinaAddressV2Data": "src/datas/china_address_v2.json",
  "ChinaAddressV3Data": "src/datas/china_address_v3.json",
  "ChinaAddressV4Data": "src/datas/china_address_v4.json",
  "ChinamobileTool": "src/tools/validator/chinaMobile.js",
  "ClickOutsideDirective": "src/directives/click-outside/index.js",
  "Clocker": "src/components/clocker/index.vue",
  "CloseDialogsPlugin": "src/plugins/close-dialogs/index.js",
  "ColorPicker": "src/components/color-picker/index.vue",
  "ConfigPlugin": "src/plugins/config/index.js",
  "Confirm": "src/components/confirm/index.vue",
  "ConfirmPlugin": "src/plugins/confirm/index.js",
  "cookie": "src/tools/cookie/index.js",
  "Countdown": "src/components/countdown/index.vue",
  "Countup": "src/components/countup/index.vue",
  "dateFormat": "src/tools/date/format.js",
  "dateRange": "src/tools/date/range.js",
  "Datetime": "src/components/datetime/index.vue",
  "DatetimePlugin": "src/plugins/datetime/index.js",
  "DatetimeRange": "src/components/datetime-range/index.vue",
  "DatetimeView": "src/components/datetime-view/index.vue",
  "debounce": "src/tools/debounce/index.js",
  "Demobasic": "src/components/fullpage/DemoBasic.vue",
  "Demoindex": "src/components/popover/DemoIndex.vue",
  "DevicePlugin": "src/plugins/device/index.js",
  "DevTip": "src/components/dev-tip/index.vue",
  "Divider": "src/components/divider/index.vue",
  "Drawer": "src/components/drawer/index.vue",
  "Flexbox": "src/components/flexbox/flexbox.vue",
  "FlexboxItem": "src/components/flexbox/flexbox-item.vue",
  "Flow": "src/components/flow/flow.vue",
  "FlowLine": "src/components/flow/flow-line.vue",
  "FlowState": "src/components/flow/flow-state.vue",
  "FormatTimeFilter": "src/filters/format-time.js",
  "FormPreview": "src/components/form-preview/index.vue",
  "FriendlyTimeFilter": "src/filters/friendly-time.js",
  "Fullpage": "src/components/fullpage/index.vue",
  "Grid": "src/components/grid/grid.vue",
  "GridItem": "src/components/grid/grid-item.vue",
  "Group": "src/components/group/index.vue",
  "GroupTitle": "src/components/group-title/index.vue",
  "Icon": "src/components/icon/index.vue",
  "InlineCalendar": "src/components/inline-calendar/index.vue",
  "InlineDesc": "src/components/inline-desc/index.vue",
  "InlineLoading": "src/components/inline-loading/index.vue",
  "InlineXNumber": "src/components/inline-x-number/index.vue",
  "InviewDirective": "src/directives/inview/index.js",
  "Loading": "src/components/loading/index.vue",
  "LoadingPlugin": "src/plugins/loading/index.js",
  "LoadMore": "src/components/load-more/index.vue",
  "LocalePlugin": "src/plugins/locale/index.js",
  "Marquee": "src/components/marquee/marquee.vue",
  "MarqueeItem": "src/components/marquee/marquee-item.vue",
  "Masker": "src/components/masker/index.vue",
  "md5": "src/tools/md5/index.js",
  "Msg": "src/components/msg/index.vue",
  "Name2valueFilter": "src/filters/name2value.js",
  "numberComma": "src/tools/number/comma.js",
  "numberPad": "src/tools/number/pad.js",
  "numberRandom": "src/tools/number/random.js",
  "numberRange": "src/tools/number/range.js",
  "NumberRoller": "src/components/number-roller/index.vue",
  "Panel": "src/components/panel/index.vue",
  "Picker": "src/components/picker/index.vue",
  "Popover": "src/components/popover/index.vue",
  "Popup": "src/components/popup/index.vue",
  "PopupHeader": "src/components/popup-header/index.vue",
  "PopupPicker": "src/components/popup-picker/index.vue",
  "PopupRadio": "src/components/popup-radio/index.vue",
  "Previewer": "src/components/previewer/index.vue",
  "Qrcode": "src/components/qrcode/index.vue",
  "querystring": "src/tools/querystring/index.js",
  "Radio": "src/components/radio/index.vue",
  "Range": "src/components/range/index.vue",
  "Rater": "src/components/rater/index.vue",
  "Scroller": "src/components/scroller/index.vue",
  "Search": "src/components/search/index.vue",
  "Selector": "src/components/selector/index.vue",
  "Shake": "src/components/shake/index.vue",
  "Spinner": "src/components/spinner/index.vue",
  "Step": "src/components/step/step.vue",
  "StepItem": "src/components/step/step-item.vue",
  "Sticky": "src/components/sticky/index.vue",
  "stringTrim": "src/tools/string/trim.js",
  "Swipeout": "src/components/swipeout/swipeout.vue",
  "SwipeoutButton": "src/components/swipeout/swipeout-button.vue",
  "SwipeoutItem": "src/components/swipeout/swipeout-item.vue",
  "Swiper": "src/components/swiper/swiper.vue",
  "SwiperItem": "src/components/swiper/swiper-item.vue",
  "Tab": "src/components/tab/tab.vue",
  "Tabbar": "src/components/tabbar/tabbar.vue",
  "TabbarItem": "src/components/tabbar/tabbar-item.vue",
  "TabItem": "src/components/tab/tab-item.vue",
  "throttle": "src/tools/throttle/index.js",
  "Timeline": "src/components/timeline/timeline.vue",
  "TimelineItem": "src/components/timeline/timeline-item.vue",
  "Tip": "src/components/tip/index.vue",
  "Toast": "src/components/toast/index.vue",
  "ToastPlugin": "src/plugins/toast/index.js",
  "TransferDom": "src/directives/transfer-dom/index.js",
  "TransferDomDirective": "src/directives/transfer-dom/index.js",
  "trim": "src/tools/string/trim",
  "Value2nameFilter": "src/filters/value2name.js",
  "Video": "src/components/video/index.vue",
  "ViewBox": "src/components/view-box/index.vue",
  "VuxComponentListData": "src/datas/vux_component_list.json",
  "WechatEmotion": "src/components/wechat-emotion/index.vue",
  "WechatPlugin": "src/plugins/wechat/index.js",
  "WeekCalendar": "src/components/week-calendar/index.vue",
  "WepayInput": "src/components/wepay-input/index.vue",
  "XAddress": "src/components/x-address/index.vue",
  "XButton": "src/components/x-button/index.vue",
  "XCircle": "src/components/x-circle/index.vue",
  "XDialog": "src/components/x-dialog/index.vue",
  "XHeader": "src/components/x-header/index.vue",
  "XHr": "src/components/x-hr/index.vue",
  "XImg": "src/components/x-img/index.vue",
  "XInput": "src/components/x-input/index.vue",
  "XNumber": "src/components/x-number/index.vue",
  "XProgress": "src/components/x-progress/index.vue",
  "XSwitch": "src/components/x-switch/index.vue",
  "XTable": "src/components/x-table/index.vue",
  "XTextarea": "src/components/x-textarea/index.vue"
}